date,Cash,Qty,PurchasePrice,CurrentPrice,CurrentEquityTotal,PortfolioTotal,PercentageChange
2020-01-03,10000,0,0,0,0,10000,0
2020-01-06,0.0,208.24656194652832,48.02000045776367,48.38999938964844,10077.051005488891,10077.051005488891,0.7705100548889096
2020-01-07,0.0,208.24656194652832,48.02000045776367,48.25,10047.896613919991,10047.896613919991,0.47896613919991066
2020-01-08,0.0,208.24656194652832,48.02000045776367,47.83000183105469,9960.433439213293,9960.433439213293,-0.3956656078670676
2020-01-09,0.0,208.24656194652832,48.02000045776367,48.970001220703125,10197.83439272872,10197.83439272872,1.9783439272872054
2020-01-10,0.0,208.24656194652832,48.02000045776367,48.16999816894531,10031.236507653426,10031.236507653426,0.3123650765342609
2020-01-13,0.0,208.24656194652832,48.02000045776367,48.75,10152.019894893256,10152.019894893256,1.520198948932557
2020-01-14,10129.112645975523,0,0,48.209999084472656,0,10129.112645975523,1.2911264597552325
2020-01-15,10129.112645975523,0.0,0,48.54999923706055,0.0,10129.112645975523,1.2911264597552325
2020-01-16,10129.112645975523,0.0,0,49.77000045776367,0.0,10129.112645975523,1.2911264597552325
2020-01-17,10129.112645975523,0.0,0,50.93000030517578,0.0,10129.112645975523,1.2911264597552325
2020-01-21,10129.112645975523,0.0,0,51.04999923706055,0.0,10129.112645975523,1.2911264597552325
2020-01-22,0.0,196.18656665554258,51.630001068115234,51.43000030517578,10089.875182965943,10089.875182965943,0.8987518296594317
2020-01-23,0.0,196.18656665554255,51.630001068115234,51.709999084472656,10144.807182143939,10144.807182143939,1.448071821439389
2020-01-24,0.0,196.18656665554252,51.630001068115234,50.349998474121094,9877.993331749622,9877.993331749622,-1.2200666825037843
2020-01-27,9505.239304139506,0,0,49.2599983215332,0,9505.239304139506,-4.947606958604938
2020-01-28,9505.239304139506,0.0,0,50.529998779296875,0.0,9505.239304139506,-4.947606958604938
2020-01-29,9505.239304139506,0.0,0,47.5099983215332,0.0,9505.239304139506,-4.947606958604938
2020-01-30,9505.239304139506,0.0,0,48.779998779296875,0.0,9505.239304139506,-4.947606958604938
2020-01-31,9505.239304139506,0.0,0,47.0,0.0,9505.239304139506,-4.947606958604938
2020-02-03,9505.239304139506,0.0,0,48.02000045776367,0.0,9505.239304139506,-4.947606958604938
2020-02-04,9505.239304139506,0.0,0,49.45000076293945,0.0,9505.239304139506,-4.947606958604938
2020-02-05,9505.239304139506,0.0,0,49.84000015258789,0.0,9505.239304139506,-4.947606958604938
2020-02-06,9505.239304139506,0.0,0,49.31999969482422,0.0,9505.239304139506,-4.947606958604938
2020-02-07,9505.239304139506,0.0,0,49.72999954223633,0.0,9505.239304139506,-4.947606958604938
2020-02-10,9505.239304139506,0.0,0,52.2599983215332,0.0,9505.239304139506,-4.947606958604938
2020-02-11,9505.239304139506,0.0,0,53.79999923706055,0.0,9505.239304139506,-4.947606958604938
2020-02-12,0.0,174.3121129089097,54.529998779296875,53.88999938964844,9393.679658269473,9393.679658269473,-6.063203417305267
2020-02-13,0.0,174.3121129089097,54.52999877929688,54.529998779296875,9505.239304139506,9505.239304139506,-4.947606958604938
2020-02-14,0.0,174.3121129089097,54.52999877929688,55.310001373291016,9641.203204373054,9641.203204373054,-3.587967956269458
2020-02-18,0.0,174.3121129089097,54.52999877929688,56.88999938964844,9916.615996996203,9916.615996996203,-0.8338400300379726
2020-02-19,0.0,174.3121129089097,54.52999877929688,58.900001525878906,10266.983716313958,10266.983716313958,2.669837163139582
2020-02-20,0.0,174.3121129089097,54.52999877929688,57.27000045776367,9982.854786087011,9982.854786087011,-0.17145213912988766
2020-02-21,0.0,174.3121129089097,54.52999877929688,53.279998779296875,9287.349163003368,9287.349163003368,-7.126508369966322
2020-02-24,0.0,174.3121129089097,54.52999877929688,49.119998931884766,8562.210799900222,8562.210799900222,-14.37789200099778
2020-02-25,8914.321347769972,0,0,47.56999969482422,0,8914.321347769972,-10.85678652230028
2020-02-26,8914.321347769972,0.0,0,47.4900016784668,0.0,8914.321347769972,-10.85678652230028
2020-02-27,8914.321347769972,0.0,0,44.0099983215332,0.0,8914.321347769972,-10.85678652230028
2020-02-28,8914.321347769972,0.0,0,45.47999954223633,0.0,8914.321347769972,-10.85678652230028
2020-03-02,8914.321347769972,0.0,0,47.459999084472656,0.0,8914.321347769972,-10.85678652230028
2020-03-03,8914.321347769972,0.0,0,46.75,0.0,8914.321347769972,-10.85678652230028
2020-03-04,8914.321347769972,0.0,0,50.11000061035156,0.0,8914.321347769972,-10.85678652230028
2020-03-05,8914.321347769972,0.0,0,48.11000061035156,0.0,8914.321347769972,-10.85678652230028
2020-03-06,8914.321347769972,0.0,0,48.59000015258789,0.0,8914.321347769972,-10.85678652230028
2020-03-09,8914.321347769972,0.0,0,43.27000045776367,0.0,8914.321347769972,-10.85678652230028
2020-03-10,8914.321347769972,0.0,0,45.380001068115234,0.0,8914.321347769972,-10.85678652230028
2020-03-11,8914.321347769972,0.0,0,45.70000076293945,0.0,8914.321347769972,-10.85678652230028
2020-03-12,8914.321347769972,0.0,0,39.0099983215332,0.0,8914.321347769972,-10.85678652230028
2020-03-13,8914.321347769972,0.0,0,43.900001525878906,0.0,8914.321347769972,-10.85678652230028
2020-03-16,8914.321347769972,0.0,0,38.709999084472656,0.0,8914.321347769972,-10.85678652230028
2020-03-17,8914.321347769972,0.0,0,41.880001068115234,0.0,8914.321347769972,-10.85678652230028
2020-03-18,8914.321347769972,0.0,0,39.119998931884766,0.0,8914.321347769972,-10.85678652230028
2020-03-19,8914.321347769972,0.0,0,39.81999969482422,0.0,8914.321347769972,-10.85678652230028
2020-03-20,8914.321347769972,0.0,0,39.61000061035156,0.0,8914.321347769972,-10.85678652230028
2020-03-23,8914.321347769972,0.0,0,41.63999938964844,0.0,8914.321347769972,-10.85678652230028
2020-03-24,8914.321347769972,0.0,0,46.220001220703125,0.0,8914.321347769972,-10.85678652230028
2020-03-25,0.0,190.5176570494945,46.790000915527344,44.630001068115234,8502.80323761375,8502.80323761375,-14.971967623862492
2020-03-26,0.0,190.5176570494945,46.790000915527344,47.5,9049.588709850988,9049.588709850988,-9.504112901490117
2020-03-27,0.0,190.5176570494945,46.790000915527344,46.58000183105469,8874.312814213703,8874.312814213703,-11.256871857862972
2020-03-30,0.0,190.5176570494945,46.790000915527344,47.86000061035156,9118.175182671555,9118.175182671555,-8.818248173284445
2020-03-31,0.0,190.5176570494945,46.790000915527344,45.47999954223633,8664.742955398948,8664.742955398948,-13.352570446010523
2020-04-01,0.0,190.5176570494945,46.790000915527344,43.65999984741211,8318.000877710241,8318.000877710241,-16.81999122289759
2020-04-02,0.0,190.5176570494945,46.790000915527344,44.4900016784668,8476.130881909572,8476.130881909572,-15.23869118090428
2020-04-03,0.0,190.5176570494945,46.790000915527344,42.59000015258789,8114.147042808658,8114.147042808658,-18.858529571913422
2020-04-06,0.0,190.5176570494945,46.790000915527344,47.52000045776367,9053.39915020404,9053.39915020404,-9.466008497959592
2020-04-07,0.0,190.5176570494945,46.790000915527344,47.560001373291016,9061.020030910144,9061.020030910144,-9.389799690898561
2020-04-08,0.0,190.5176570494945,46.790000915527344,48.790000915527344,9295.35666186896,9295.35666186896,-7.046433381310399
2020-04-09,0.0,190.5176570494945,46.790000915527344,48.380001068115234,9217.244451549355,9217.244451549355,-7.827555484506448
2020-04-13,0.0,190.5176570494945,46.790000915527344,50.939998626708984,9704.969188465062,9704.969188465062,-2.9503081153493804
2020-04-14,0.0,190.5176570494945,46.790000915527344,54.93000030517578,10465.134959870107,10465.134959870107,4.651349598701072
2020-04-15,0.0,190.5176570494945,46.790000915527344,54.9900016784668,10476.566280929264,10476.566280929264,4.765662809292643
2020-04-16,0.0,190.5176570494945,46.790000915527344,56.95000076293945,10849.980714322148,10849.980714322148,8.499807143221478
2020-04-17,0.0,190.5176570494945,46.790000915527344,56.599998474121094,10783.299098294514,10783.299098294514,7.832990982945138
2020-04-20,0.0,190.5176570494945,46.790000915527344,56.970001220703125,10853.7911546752,10853.7911546752,8.537911546752003
2020-04-21,0.0,190.5176570494945,46.790000915527344,52.91999816894531,10082.194062211,10082.194062211,0.8219406221099962
2020-04-22,0.0,190.5176570494945,46.790000915527344,55.91999816894531,10653.747033359483,10653.747033359483,6.537470333594829
2020-04-23,0.0,190.5176570494945,46.790000915527344,55.900001525878906,10649.937319773617,10649.937319773617,6.499373197736167
2020-04-24,0.0,190.5176570494945,46.790000915527344,56.18000030517578,10703.282031181976,10703.282031181976,7.032820311819759
2020-04-27,0.0,190.5176570494945,46.790000915527344,56.4900016784668,10762.342766503505,10762.342766503505,7.623427665035051
2020-04-28,0.0,190.5176570494945,46.790000915527344,55.5099983215332,10575.634823039878,10575.634823039878,5.756348230398781
2020-04-29,0.0,190.5176570494945,46.790000915527344,53.65999984741211,10223.177448205186,10223.177448205186,2.2317744820518604
2020-04-30,0.0,190.5176570494945,46.790000915527344,52.38999938964844,9981.219936540267,9981.219936540267,-0.18780063459733354
2020-05-01,9729.73668737631,0,0,49.880001068115234,0,9729.73668737631,-2.702633126236906
2020-05-04,9729.73668737631,0.0,0,52.560001373291016,0.0,9729.73668737631,-2.702633126236906
2020-05-05,9729.73668737631,0.0,0,52.189998626708984,0.0,9729.73668737631,-2.702633126236906
2020-05-06,9729.73668737631,0.0,0,52.15999984741211,0.0,9729.73668737631,-2.702633126236906
2020-05-07,9729.73668737631,0.0,0,51.95000076293945,0.0,9729.73668737631,-2.702633126236906
2020-05-08,9729.73668737631,0.0,0,53.189998626708984,0.0,9729.73668737631,-2.702633126236906
2020-05-11,9729.73668737631,0.0,0,55.7400016784668,0.0,9729.73668737631,-2.702633126236906
2020-05-12,9729.73668737631,0.0,0,53.7599983215332,0.0,9729.73668737631,-2.702633126236906
2020-05-13,9729.73668737631,0.0,0,52.18000030517578,0.0,9729.73668737631,-2.702633126236906
2020-05-14,9729.73668737631,0.0,0,54.5099983215332,0.0,9729.73668737631,-2.702633126236906
2020-05-15,9729.73668737631,0.0,0,54.20000076293945,0.0,9729.73668737631,-2.702633126236906
2020-05-18,9729.73668737631,0.0,0,54.59000015258789,0.0,9729.73668737631,-2.702633126236906
2020-05-19,9729.73668737631,0.0,0,55.470001220703125,0.0,9729.73668737631,-2.702633126236906
2020-05-20,9729.73668737631,0.0,0,56.38999938964844,0.0,9729.73668737631,-2.702633126236906
2020-05-21,0.0,171.66084394829883,56.68000030517578,54.650001525878906,9381.265383708193,9381.265383708193,-6.187346162918074
2020-05-22,9401.864501628424,0,0,55.16999816894531,0,9401.864501628424,-5.981354983715756
2020-05-26,9401.864501628424,0.0,0,53.189998626708984,0.0,9401.864501628424,-5.981354983715756
2020-05-27,9401.864501628424,0.0,0,52.7400016784668,0.0,9401.864501628424,-5.981354983715756
2020-05-28,9401.864501628424,0.0,0,51.7400016784668,0.0,9401.864501628424,-5.981354983715756
2020-05-29,9401.864501628424,0.0,0,53.79999923706055,0.0,9401.864501628424,-5.981354983715756
2020-06-01,9401.864501628424,0.0,0,53.630001068115234,0.0,9401.864501628424,-5.981354983715756
2020-06-02,9401.864501628424,0.0,0,53.540000915527344,0.0,9401.864501628424,-5.981354983715756
2020-06-03,9401.864501628424,0.0,0,52.72999954223633,0.0,9401.864501628424,-5.981354983715756
2020-06-04,9401.864501628424,0.0,0,52.630001068115234,0.0,9401.864501628424,-5.981354983715756
2020-06-05,9401.864501628424,0.0,0,53.099998474121094,0.0,9401.864501628424,-5.981354983715756
2020-06-08,9401.864501628424,0.0,0,52.970001220703125,0.0,9401.864501628424,-5.981354983715756
2020-06-09,9401.864501628424,0.0,0,56.38999938964844,0.0,9401.864501628424,-5.981354983715756
2020-06-10,9401.864501628424,0.0,0,57.439998626708984,0.0,9401.864501628424,-5.981354983715756
2020-06-11,0.0,168.07051720482937,55.939998626708984,52.83000183105469,8879.165731677444,8879.165731677444,-11.208342683225563
2020-06-12,0.0,168.07051720482937,55.93999862670898,53.5,8991.772670458371,8991.772670458371,-10.08227329541629
2020-06-15,8837.148102376237,0,0,54.68000030517578,0,8837.148102376237,-11.628518976237629
2020-06-16,8837.148102376237,0.0,0,54.459999084472656,0.0,8837.148102376237,-11.628518976237629
2020-06-17,8837.148102376237,0.0,0,54.54999923706055,0.0,8837.148102376237,-11.628518976237629
2020-06-18,0.0,161.79326757945975,54.619998931884766,54.040000915527344,8743.308328120165,8743.308328120165,-12.56691671879835
2020-06-19,8803.171664310712,0,0,54.22999954223633,0,8803.171664310712,-11.96828335689288
2020-06-22,8803.171664310712,0.0,0,54.7599983215332,0.0,8803.171664310712,-11.96828335689288
2020-06-23,8803.171664310712,0.0,0,53.9900016784668,0.0,8803.171664310712,-11.96828335689288
2020-06-24,8803.171664310712,0.0,0,52.38999938964844,0.0,8803.171664310712,-11.96828335689288
2020-06-25,8803.171664310712,0.0,0,51.93000030517578,0.0,8803.171664310712,-11.96828335689288
2020-06-26,8803.171664310712,0.0,0,50.099998474121094,0.0,8803.171664310712,-11.96828335689288
2020-06-29,8803.171664310712,0.0,0,50.279998779296875,0.0,8803.171664310712,-11.96828335689288
2020-06-30,8803.171664310712,0.0,0,52.61000061035156,0.0,8803.171664310712,-11.96828335689288
2020-07-01,8803.171664310712,0.0,0,52.58000183105469,0.0,8803.171664310712,-11.96828335689288
2020-07-02,8803.171664310712,0.0,0,52.34000015258789,0.0,8803.171664310712,-11.96828335689288
2020-07-06,8803.171664310712,0.0,0,53.400001525878906,0.0,8803.171664310712,-11.96828335689288
2020-07-07,8803.171664310712,0.0,0,52.93000030517578,0.0,8803.171664310712,-11.96828335689288
2020-07-08,8803.171664310712,0.0,0,53.43000030517578,0.0,8803.171664310712,-11.96828335689288
2020-07-09,0.0,164.48377408475366,53.52000045776367,57.2599983215332,9418.340628012442,9418.340628012442,-5.8165937198755815
2020-07-10,0.0,164.48377408475366,53.52000045776367,55.880001068115234,9191.35347154366,9191.35347154366,-8.0864652845634
2020-07-13,0.0,164.48377408475366,53.52000045776367,53.59000015258789,8814.685478300182,8814.685478300182,-11.85314521699818
2020-07-14,0.0,164.48377408475366,53.52000045776367,54.720001220703125,9000.552318703578,9000.552318703578,-9.994476812964221
2020-07-15,0.0,164.48377408475366,53.52000045776367,55.34000015258789,9102.532082948499,9102.532082948499,-8.97467917051501
2020-07-16,0.0,164.48377408475366,53.52000045776367,54.91999816894531,9033.448571555886,9033.448571555886,-9.66551428444114
2020-07-17,0.0,164.48377408475366,53.52000045776367,55.040000915527344,9053.187076214233,9053.187076214233,-9.468129237857665
2020-07-20,0.0,164.48377408475366,53.52000045776367,57.459999084472656,9451.237508320553,9451.237508320553,-5.487624916794466
2020-07-21,0.0,164.48377408475366,53.52000045776367,57.0,9375.575122830958,9375.575122830958,-6.244248771690418
2020-07-22,0.0,164.48377408475366,53.52000045776367,61.790000915527344,10163.452551286322,10163.452551286322,1.63452551286322
2020-07-23,0.0,164.48377408475366,53.52000045776367,59.56999969482422,9798.298372032312,9798.298372032312,-2.017016279676882
2020-07-24,0.0,164.48377408475366,53.52000045776367,69.4000015258789,11415.174172464225,11415.174172464225,14.151741724642253
2020-07-27,0.0,164.48377408475366,53.52000045776367,68.97000122070312,11344.446099411318,11344.446099411318,13.444460994113177
2020-07-28,0.0,164.48377408475366,53.52000045776367,67.61000061035156,11120.748066263124,11120.748066263124,11.20748066263124
2020-07-29,0.0,164.48377408475366,53.52000045776367,76.08999633789062,12515.569767751334,12515.569767751334,25.155697677513345
2020-07-30,0.0,164.48377408475366,53.52000045776367,78.19999694824219,12862.630631463095,12862.630631463095,28.626306314630945
2020-07-31,0.0,164.48377408475366,53.52000045776367,77.43000030517578,12735.97867757894,12735.97867757894,27.359786775789395
2020-08-03,0.0,164.48377408475366,53.52000045776367,77.66999816894531,12775.454431984032,12775.454431984032,27.754544319840313
2020-08-04,0.0,164.48377408475366,53.52000045776367,85.04000091552734,13987.700298756845,13987.700298756845,39.87700298756845
2020-08-05,0.0,164.48377408475366,53.52000045776367,85.30999755859375,14032.11036559862,14032.11036559862,40.32110365598621
2020-08-06,0.0,164.48377408475366,53.52000045776367,86.70999908447266,14262.387900299596,14262.387900299596,42.62387900299596
2020-08-07,0.0,164.48377408475366,53.52000045776367,84.8499984741211,13956.447980109027,13956.447980109027,39.56447980109027
2020-08-10,0.0,164.48377408475366,53.52000045776367,82.23999786376953,13527.145229354892,13527.145229354892,35.27145229354892
2020-08-11,0.0,164.48377408475366,53.52000045776367,76.87999725341797,12645.512099867683,12645.512099867683,26.45512099867683
2020-08-12,0.0,164.48377408475366,53.52000045776367,82.61000061035156,13588.004677534429,13588.004677534429,35.88004677534429
2020-08-13,0.0,164.48377408475366,53.52000045776367,81.83999633789062,13461.351468738669,13461.351468738669,34.61351468738669
2020-08-14,0.0,164.48377408475366,53.52000045776367,81.30000305175781,13372.531335055115,13372.531335055115,33.72531335055115
2020-08-17,13502.472412259856,0,0,82.41999816894531,0,13502.472412259856,35.02472412259856
2020-08-18,13502.472412259856,0.0,0,81.66000366210938,0.0,13502.472412259856,35.02472412259856
2020-08-19,13502.472412259856,0.0,0,81.08999633789062,0.0,13502.472412259856,35.02472412259856
2020-08-20,13502.472412259856,0.0,0,82.7699966430664,0.0,13502.472412259856,35.02472412259856
2020-08-21,13502.472412259856,0.0,0,83.80999755859375,0.0,13502.472412259856,35.02472412259856
2020-08-24,13502.472412259856,0.0,0,83.08000183105469,0.0,13502.472412259856,35.02472412259856
2020-08-25,13502.472412259856,0.0,0,86.3499984741211,0.0,13502.472412259856,35.02472412259856
2020-08-26,13502.472412259856,0.0,0,86.0199966430664,0.0,13502.472412259856,35.02472412259856
2020-08-27,13502.472412259856,0.0,0,83.80000305175781,0.0,13502.472412259856,35.02472412259856
2020-08-28,13502.472412259856,0.0,0,85.55000305175781,0.0,13502.472412259856,35.02472412259856
2020-08-31,13502.472412259856,0.0,0,90.81999969482422,0.0,13502.472412259856,35.02472412259856
2020-09-01,13502.472412259856,0.0,0,92.18000030517578,0.0,13502.472412259856,35.02472412259856
2020-09-02,13502.472412259856,0.0,0,90.22000122070312,0.0,13502.472412259856,35.02472412259856
2020-09-03,13502.472412259856,0.0,0,82.54000091552734,0.0,13502.472412259856,35.02472412259856
2020-09-04,13502.472412259856,0.0,0,82.01000213623047,0.0,13502.472412259856,35.02472412259856
2020-09-08,13502.472412259856,0.0,0,78.69000244140625,0.0,13502.472412259856,35.02472412259856
2020-09-09,13502.472412259856,0.0,0,81.91000366210938,0.0,13502.472412259856,35.02472412259856
2020-09-10,13502.472412259856,0.0,0,78.9800033569336,0.0,13502.472412259856,35.02472412259856
2020-09-11,13502.472412259856,0.0,0,76.33999633789062,0.0,13502.472412259856,35.02472412259856
2020-09-14,13502.472412259856,0.0,0,77.9000015258789,0.0,13502.472412259856,35.02472412259856
2020-09-15,13502.472412259856,0.0,0,78.93000030517578,0.0,13502.472412259856,35.02472412259856
2020-09-16,13502.472412259856,0.0,0,76.66000366210938,0.0,13502.472412259856,35.02472412259856
2020-09-17,13502.472412259856,0.0,0,76.55000305175781,0.0,13502.472412259856,35.02472412259856
2020-09-18,13502.472412259856,0.0,0,74.93000030517578,0.0,13502.472412259856,35.02472412259856
2020-09-21,13502.472412259856,0.0,0,77.94000244140625,0.0,13502.472412259856,35.02472412259856
2020-09-22,13502.472412259856,0.0,0,77.69999694824219,0.0,13502.472412259856,35.02472412259856
2020-09-23,13502.472412259856,0.0,0,74.7300033569336,0.0,13502.472412259856,35.02472412259856
2020-09-24,13502.472412259856,0.0,0,75.81999969482422,0.0,13502.472412259856,35.02472412259856
2020-09-25,13502.472412259856,0.0,0,78.05999755859375,0.0,13502.472412259856,35.02472412259856
2020-09-28,13502.472412259856,0.0,0,79.4800033569336,0.0,13502.472412259856,35.02472412259856
2020-09-29,13502.472412259856,0.0,0,81.7699966430664,0.0,13502.472412259856,35.02472412259856
2020-09-30,13502.472412259856,0.0,0,81.98999786376953,0.0,13502.472412259856,35.02472412259856
2020-10-01,1.8189894035458565e-12,162.56287995595818,83.05999755859375,84.86000061035156,13795.08609228312,13795.086092283122,37.95086092283121
2020-10-02,1.8189894035458565e-12,162.56287995595818,83.05999755859375,81.80000305175781,13297.644076499919,13297.64407649992,32.976440764999204
2020-10-05,1.8189894035458565e-12,162.56287995595818,83.05999755859375,86.1500015258789,14004.792356257067,14004.792356257069,40.04792356257069
2020-10-06,1.8189894035458565e-12,162.56287995595818,83.05999755859375,84.4800033569336,13733.31264439214,13733.312644392141,37.33312644392141
2020-10-07,1.8189894035458565e-12,162.56287995595818,83.05999755859375,86.69000244140625,14092.576460264047,14092.576460264048,40.925764602640484
2020-10-08,1.8189894035458565e-12,162.56287995595818,83.05999755859375,86.51000213623047,14063.315092261719,14063.31509226172,40.633150922617205
2020-10-09,1.8189894035458565e-12,162.56287995595818,83.05999755859375,83.0999984741211,13508.975076288856,13508.975076288858,35.08975076288858
2020-10-12,1.8189894035458565e-12,162.56287995595818,83.05999755859375,84.29000091552734,13702.425300318477,13702.425300318479,37.02425300318479
2020-10-13,1.8189894035458565e-12,162.56287995595818,83.05999755859375,85.27999877929688,13863.362204203098,13863.3622042031,38.633622042031
2020-10-14,1.8189894035458565e-12,162.56287995595818,83.05999755859375,84.20999908447266,13689.419972260477,13689.419972260479,36.894199722604796
2020-10-15,1.8189894035458565e-12,162.56287995595818,83.05999755859375,83.12999725341797,13513.851764246518,13513.85176424652,35.138517642465196
2020-10-16,1.8189894035458565e-12,162.56287995595818,83.05999755859375,83.16999816894531,13520.35442827552,13520.354428275521,35.20354428275521
2020-10-19,13593.508468409509,0,0,82.0,0,13593.508468409509,35.935084684095095
2020-10-20,13593.508468409507,0.0,0,81.55999755859375,0.0,13593.508468409507,35.93508468409507
2020-10-21,13593.508468409507,0.0,0,79.19999694824219,0.0,13593.508468409507,35.93508468409507
2020-10-22,13593.508468409507,0.0,0,79.41999816894531,0.0,13593.508468409507,35.93508468409507
2020-10-23,13593.508468409507,0.0,0,81.95999908447266,0.0,13593.508468409507,35.93508468409507
2020-10-26,13593.508468409507,0.0,0,82.2300033569336,0.0,13593.508468409507,35.93508468409507
2020-10-27,13593.508468409507,0.0,0,78.87999725341797,0.0,13593.508468409507,35.93508468409507
2020-10-28,13593.508468409507,0.0,0,76.4000015258789,0.0,13593.508468409507,35.93508468409507
2020-10-29,13593.508468409507,0.0,0,78.0199966430664,0.0,13593.508468409507,35.93508468409507
2020-10-30,13593.508468409507,0.0,0,75.29000091552734,0.0,13593.508468409507,35.93508468409507
2020-11-02,13593.508468409507,0.0,0,74.69999694824219,0.0,13593.508468409507,35.93508468409507
2020-11-03,13593.508468409507,0.0,0,76.58000183105469,0.0,13593.508468409507,35.93508468409507
2020-11-04,13593.508468409507,0.0,0,81.3499984741211,0.0,13593.508468409507,35.93508468409507
2020-11-05,13593.508468409507,0.0,0,83.0,0.0,13593.508468409507,35.93508468409507
2020-11-06,0.0,162.7575313071807,83.5199966430664,85.87999725341797,13977.616341633768,13977.616341633768,39.77616341633768
2020-11-09,0.0,162.7575313071807,83.5199966430664,83.12000274658203,13528.40644927977,13528.40644927977,35.2840644927977
2020-11-10,0.0,162.7575313071807,83.5199966430664,77.98999786376953,12693.459518959426,12693.459518959426,26.93459518959426
2020-11-11,0.0,162.7575313071807,83.5199966430664,81.27999877929688,13228.93194596902,13228.93194596902,32.2893194596902
2020-11-12,0.0,162.7575313071807,83.5199966430664,81.83999633789062,13320.075766143787,13320.075766143787,33.200757661437876
2020-11-13,0.0,162.7575313071807,83.5199966430664,81.43000030517578,13253.34582401338,13253.34582401338,32.533458240133804
2020-11-16,0.0,162.7575313071807,83.5199966430664,83.7300033569336,13627.688642716465,13627.688642716465,36.27688642716465
2020-11-17,0.0,162.7575313071807,83.5199966430664,83.36000061035156,13567.467909105897,13567.467909105897,35.67467909105897
2020-11-18,0.0,162.7575313071807,83.5199966430664,82.54000091552734,13434.006783103665,13434.006783103665,34.34006783103665
2020-11-19,0.0,162.7575313071807,83.5199966430664,85.54000091552734,13922.279377025206,13922.279377025206,39.22279377025206
2020-11-20,0.0,162.7575313071807,83.5199966430664,84.63999938964844,13775.797350500461,13775.797350500461,37.757973505004614
2020-11-23,0.0,162.7575313071807,83.5199966430664,85.30999755859375,13884.84459845833,13884.84459845833,38.8484459845833
2020-11-24,0.0,162.7575313071807,83.5199966430664,85.06999969482422,13845.783138632205,13845.783138632205,38.45783138632205
2020-11-25,0.0,162.7575313071807,83.5199966430664,86.70999908447266,14112.705390636667,14112.705390636667,41.127053906366676
2020-11-27,0.0,162.7575313071807,83.5199966430664,87.19000244140625,14190.82955203034,14190.82955203034,41.908295520303405
2020-11-30,0.0,162.7575313071807,83.5199966430664,92.66000366210938,15081.113446959245,15081.113446959245,50.81113446959245
2020-12-01,0.0,162.7575313071807,83.5199966430664,92.62999725341797,15076.229677957237,15076.229677957237,50.76229677957237
2020-12-02,0.0,162.7575313071807,83.5199966430664,93.73999786376953,15256.890637047522,15256.890637047522,52.56890637047521
2020-12-03,0.0,162.7575313071807,83.5199966430664,92.30999755859375,15024.147317608596,15024.147317608596,50.24147317608596
2020-12-04,0.0,162.7575313071807,83.5199966430664,94.04000091552734,15305.718393136243,15305.718393136243,53.05718393136243
2020-12-07,0.0,162.7575313071807,83.5199966430664,94.06999969482422,15310.600920396831,15310.600920396831,53.10600920396832
2020-12-08,0.0,162.7575313071807,83.5199966430664,92.91999816894531,15123.42951104529,15123.42951104529,51.2342951104529
2020-12-09,0.0,162.7575313071807,83.5199966430664,89.83000183105469,14620.509335341983,14620.509335341983,46.205093353419834
2020-12-10,0.0,162.7575313071807,83.5199966430664,91.66000366210938,14918.355915652064,14918.355915652064,49.18355915652064
2020-12-11,0.0,162.7575313071807,83.5199966430664,91.6500015258789,14916.727992651395,14916.727992651395,49.16727992651395
2020-12-14,0.0,162.7575313071807,83.5199966430664,94.77999877929688,15426.15861861596,15426.15861861596,54.261586186159604
2020-12-15,0.0,162.7575313071807,83.5199966430664,97.12000274658203,15807.0118875803,15807.0118875803,58.070118875803004
2020-12-16,15793.990987057785,0,0,96.8499984741211,0,15793.990987057785,57.93990987057784
2020-12-17,15793.990987057785,0.0,0,96.83999633789062,0.0,15793.990987057785,57.93990987057784
2020-12-18,15793.990987057785,0.0,0,95.91999816894531,0.0,15793.990987057785,57.93990987057784
2020-12-21,15793.990987057785,0.0,0,93.2300033569336,0.0,15793.990987057785,57.93990987057784
2020-12-22,15793.990987057785,0.0,0,93.16000366210938,0.0,15793.990987057785,57.93990987057784
2020-12-23,15793.990987057785,0.0,0,91.55000305175781,0.0,15793.990987057785,57.93990987057784
2020-12-24,15793.990987057785,0.0,0,91.80999755859375,0.0,15793.990987057785,57.93990987057784
2020-12-28,15793.990987057785,0.0,0,91.5999984741211,0.0,15793.990987057785,57.93990987057784
2020-12-29,15793.990987057785,0.0,0,90.62000274658203,0.0,15793.990987057785,57.93990987057784
2020-12-30,15793.990987057785,0.0,0,92.29000091552734,0.0,15793.990987057785,57.93990987057784
2020-12-31,15793.990987057785,0.0,0,91.70999908447266,0.0,15793.990987057785,57.93990987057784
2021-01-04,15793.990987057785,0.0,0,92.30000305175781,0.0,15793.990987057785,57.93990987057784
2021-01-05,15793.990987057785,0.0,0,92.7699966430664,0.0,15793.990987057785,57.93990987057784
2021-01-06,15793.990987057785,0.0,0,90.33000183105469,0.0,15793.990987057785,57.93990987057784
2021-01-07,15793.990987057785,0.0,0,95.16000366210938,0.0,15793.990987057785,57.93990987057784
2021-01-08,15793.990987057785,0.0,0,94.58000183105469,0.0,15793.990987057785,57.93990987057784
2021-01-11,15793.990987057785,0.0,0,97.25,0.0,15793.990987057785,57.93990987057784
2021-01-12,15793.990987057785,0.0,0,95.36000061035156,0.0,15793.990987057785,57.93990987057784
2021-01-13,15793.990987057785,0.0,0,91.77999877929688,0.0,15793.990987057785,57.93990987057784
2021-01-14,15793.990987057785,0.0,0,90.79000091552734,0.0,15793.990987057785,57.93990987057784
2021-01-15,15793.990987057785,0.0,0,88.20999908447266,0.0,15793.990987057785,57.93990987057784
2021-01-19,15793.990987057785,0.0,0,89.44999694824219,0.0,15793.990987057785,57.93990987057784
2021-01-20,15793.990987057785,0.0,0,88.75,0.0,15793.990987057785,57.93990987057784
2021-01-21,15793.990987057785,0.0,0,91.52999877929688,0.0,15793.990987057785,57.93990987057784
2021-01-22,15793.990987057785,0.0,0,92.79000091552734,0.0,15793.990987057785,57.93990987057784
2021-01-25,15793.990987057785,0.0,0,94.12999725341797,0.0,15793.990987057785,57.93990987057784
2021-01-26,15793.990987057785,0.0,0,94.70999908447266,0.0,15793.990987057785,57.93990987057784
2021-01-27,15793.990987057785,0.0,0,88.83999633789062,0.0,15793.990987057785,57.93990987057784
2021-01-28,15793.990987057785,0.0,0,87.5199966430664,0.0,15793.990987057785,57.93990987057784
2021-01-29,15793.990987057785,0.0,0,85.63999938964844,0.0,15793.990987057785,57.93990987057784
2021-02-01,15793.990987057785,0.0,0,87.66000366210938,0.0,15793.990987057785,57.93990987057784
2021-02-02,15793.990987057785,0.0,0,88.86000061035156,0.0,15793.990987057785,57.93990987057784
2021-02-03,15793.990987057785,0.0,0,87.88999938964844,0.0,15793.990987057785,57.93990987057784
2021-02-04,15793.990987057785,0.0,0,87.83999633789062,0.0,15793.990987057785,57.93990987057784
2021-02-05,15793.990987057785,0.0,0,87.9000015258789,0.0,15793.990987057785,57.93990987057784
2021-02-08,15793.990987057785,0.0,0,91.47000122070312,0.0,15793.990987057785,57.93990987057784
2021-02-09,15793.990987057785,0.0,0,90.91000366210938,0.0,15793.990987057785,57.93990987057784
2021-02-10,15793.990987057785,0.0,0,92.3499984741211,0.0,15793.990987057785,57.93990987057784
2021-02-11,15793.990987057785,0.0,0,92.66000366210938,0.0,15793.990987057785,57.93990987057784
2021-02-12,15793.990987057785,0.0,0,93.7699966430664,0.0,15793.990987057785,57.93990987057784
2021-02-16,15793.990987057785,0.0,0,91.45999908447266,0.0,15793.990987057785,57.93990987057784
2021-02-17,15793.990987057785,0.0,0,89.94000244140625,0.0,15793.990987057785,57.93990987057784
2021-02-18,15793.990987057785,0.0,0,88.63999938964844,0.0,15793.990987057785,57.93990987057784
2021-02-19,15793.990987057785,0.0,0,89.58000183105469,0.0,15793.990987057785,57.93990987057784
2021-02-22,15793.990987057785,0.0,0,85.37000274658203,0.0,15793.990987057785,57.93990987057784
2021-02-23,15793.990987057785,0.0,0,84.73999786376953,0.0,15793.990987057785,57.93990987057784
2021-02-24,0.0,187.2879241565677,84.33000183105469,86.94000244140625,16282.812583417905,16282.812583417905,62.82812583417905
2021-02-25,0.0,187.2879241565677,84.33000183105469,82.41999816894531,15436.270366049877,15436.270366049877,54.36270366049877
2021-02-26,0.0,187.2879241565677,84.33000183105469,84.51000213623047,15827.702870561707,15827.702870561707,58.27702870561706
2021-03-01,0.0,187.2879241565677,84.33000183105469,86.38999938964844,16179.803653574407,16179.803653574407,61.798036535744075
2021-03-02,0.0,187.2879241565677,84.33000183105469,84.12999725341797,15756.532544890393,15756.532544890393,57.565325448903934
2021-03-03,0.0,187.2879241565677,84.33000183105469,80.86000061035156,15144.101661611541,15144.101661611541,51.44101661611541
2021-03-04,0.0,187.2879241565677,84.33000183105469,77.75,14561.636103173138,14561.636103173138,45.61636103173138
2021-03-05,0.0,187.2879241565677,84.33000183105469,78.5199966430664,14705.847176060572,14705.847176060572,47.05847176060572
2021-03-08,0.0,187.2879241565677,84.33000183105469,73.95999908447266,13851.814699152532,13851.814699152532,38.51814699152532
2021-03-09,0.0,187.2879241565677,84.33000183105469,78.52999877929688,14707.720455392307,14707.720455392307,47.077204553923075
2021-03-10,0.0,187.2879241565677,84.33000183105469,77.5199966430664,14518.559251904004,14518.559251904004,45.185592519040036
2021-03-11,0.0,187.2879241565677,84.33000183105469,81.2300033569336,15213.398707951119,15213.398707951119,52.13398707951119
2021-03-12,0.0,187.2879241565677,84.33000183105469,81.05000305175781,15179.686824447197,15179.686824447197,51.79686824447197
2021-03-15,0.0,187.2879241565677,84.33000183105469,82.5,15451.253742916835,15451.253742916835,54.51253742916835
2021-03-16,0.0,187.2879241565677,84.33000183105469,82.75,15498.075723955977,15498.075723955977,54.98075723955977
2021-03-17,0.0,187.2879241565677,84.33000183105469,82.62999725341797,15475.600658655541,15475.600658655541,54.756006586555415
2021-03-18,0.0,187.2879241565677,84.33000183105469,78.12000274658203,14630.933149512715,14630.933149512715,46.309331495127154
2021-03-19,0.0,187.2879241565677,84.33000183105469,79.05999755859375,14806.982826572334,14806.982826572334,48.06982826572334
2021-03-22,0.0,187.2879241565677,84.33000183105469,80.30000305175781,15039.220881329771,15039.220881329771,50.392208813297714
2021-03-23,0.0,187.2879241565677,84.33000183105469,78.37999725341797,14679.62698099013,14679.62698099013,46.7962698099013
2021-03-24,0.0,187.2879241565677,84.33000183105469,76.4800033569336,14323.781068207421,14323.781068207421,43.23781068207421
2021-03-25,0.0,187.2879241565677,84.33000183105469,76.22000122070312,14275.085807836544,14275.085807836544,42.75085807836543
2021-03-26,0.0,187.2879241565677,84.33000183105469,77.41000366210938,14497.95889482877,14497.95889482877,44.97958894828769
2021-03-29,0.0,187.2879241565677,84.33000183105469,77.13999938964844,14447.390355126156,14447.390355126156,44.47390355126156
2021-03-30,0.0,187.2879241565677,84.33000183105469,76.0,14233.882235899146,14233.882235899146,42.33882235899146
2021-03-31,0.0,187.2879241565677,84.33000183105469,78.5,14702.102046290564,14702.102046290564,47.02102046290563
2021-04-01,0.0,187.2879241565677,84.33000183105469,81.08999633789062,15187.177083987212,15187.177083987212,51.87177083987211
2021-04-05,0.0,187.2879241565677,84.33000183105469,81.43000030517578,15250.855721225047,15250.855721225047,52.50855721225047
2021-04-06,0.0,187.2879241565677,84.33000183105469,81.44000244140625,15252.729000556781,15252.729000556781,52.52729000556781
2021-04-07,0.0,187.2879241565677,84.33000183105469,82.19999694824219,15395.06679411248,15395.06679411248,53.9506679411248
2021-04-08,0.0,187.2879241565677,84.33000183105469,83.3499984741211,15610.448192671225,15610.448192671225,56.104481926712246
2021-04-09,0.0,187.2879241565677,84.33000183105469,82.76000213623047,15499.949003287713,15499.949003287713,54.99949003287713
2021-04-12,0.0,187.2879241565677,84.33000183105469,78.58000183105469,14717.085423157521,14717.085423157521,47.17085423157521
2021-04-13,0.0,187.2879241565677,84.33000183105469,80.19000244140625,15018.619095361073,15018.619095361073,50.18619095361073
2021-04-14,0.0,187.2879241565677,84.33000183105469,78.55000305175781,14711.46701405578,14711.46701405578,47.11467014055779
2021-04-15,0.0,187.2879241565677,84.33000183105469,83.01000213623047,15546.770984326855,15546.770984326855,55.46770984326855
2021-04-16,0.0,187.2879241565677,84.33000183105469,82.1500015258789,15385.703255240729,15385.703255240729,53.85703255240729
2021-04-19,0.0,187.2879241565677,84.33000183105469,81.11000061035156,15190.923642650683,15190.923642650683,51.90923642650683
2021-04-20,0.0,187.2879241565677,84.33000183105469,79.2699966430664,14846.313119177998,14846.313119177998,48.46313119177997
2021-04-21,0.0,187.2879241565677,84.33000183105469,81.61000061035156,15284.567604728967,15284.567604728967,52.84567604728967
2021-04-22,0.0,187.2879241565677,84.33000183105469,79.05999755859375,14806.982826572334,14806.982826572334,48.06982826572334
2021-04-23,0.0,187.2879241565677,84.33000183105469,82.76000213623047,15499.949003287713,15499.949003287713,54.99949003287713
2021-04-26,0.0,187.2879241565677,84.33000183105469,85.41000366210938,15996.26228808131,15996.26228808131,59.96262288081311
2021-04-27,0.0,187.2879241565677,84.33000183105469,85.20999908447266,15958.803845913917,15958.803845913917,59.58803845913917
2021-04-28,0.0,187.2879241565677,84.33000183105469,84.0199966430664,15735.930758921693,15735.930758921693,57.35930758921693
2021-04-29,0.0,187.2879241565677,84.33000183105469,83.91000366210938,15715.330401846459,15715.330401846459,57.15330401846459
2021-04-30,0.0,187.2879241565677,84.33000183105469,81.62000274658203,15286.440884060703,15286.440884060703,52.86440884060703
2021-05-03,0.0,187.2879241565677,84.33000183105469,78.55000305175781,14711.46701405578,14711.46701405578,47.11467014055779
2021-05-04,0.0,187.2879241565677,84.33000183105469,78.61000061035156,14722.703832259263,14722.703832259263,47.227038322592634
2021-05-05,0.0,187.2879241565677,84.33000183105469,77.83000183105469,14576.619480040095,14576.619480040095,45.76619480040095
2021-05-06,0.0,187.2879241565677,84.33000183105469,77.88999938964844,14587.856298243581,14587.856298243581,45.87856298243582
2021-05-07,0.0,187.2879241565677,84.33000183105469,78.80999755859375,14760.160845533192,14760.160845533192,47.60160845533192
2021-05-10,0.0,187.2879241565677,84.33000183105469,75.98999786376953,14232.00895656741,14232.00895656741,42.320089565674095
2021-05-11,0.0,187.2879241565677,84.33000183105469,76.83000183105469,14389.331555883527,14389.331555883527,43.893315558835276
2021-05-12,0.0,187.2879241565677,84.33000183105469,74.63999938964844,13979.170544734736,13979.170544734736,39.79170544734736
2021-05-13,0.0,187.2879241565677,84.33000183105469,73.08999633789062,13688.87369073467,13688.87369073467,36.888736907346704
2021-05-14,0.0,187.2879241565677,84.33000183105469,74.58999633789062,13969.805576969522,13969.805576969522,39.698055769695216
2021-05-17,0.0,187.2879241565677,84.33000183105469,74.6500015258789,13981.043824066472,13981.043824066472,39.810438240664716
2021-05-18,0.0,187.2879241565677,84.33000183105469,74.44000244140625,13941.713531460808,13941.713531460808,39.417135314608075
2021-05-19,0.0,187.2879241565677,84.33000183105469,76.2300033569336,14276.95908716828,14276.95908716828,42.769590871682794
2021-05-20,0.0,187.2879241565677,84.33000183105469,78.05999755859375,14619.694902415766,14619.694902415766,46.19694902415766
2021-05-21,0.0,187.2879241565677,84.33000183105469,77.16999816894531,14453.008764227898,14453.008764227898,44.53008764227898
2021-05-24,0.0,187.2879241565677,84.33000183105469,77.44000244140625,14503.577303930511,14503.577303930511,45.03577303930511
2021-05-25,0.0,187.2879241565677,84.33000183105469,77.86000061035156,14582.237889141838,14582.237889141838,45.822378891418374
2021-05-26,0.0,187.2879241565677,84.33000183105469,78.33999633789062,14672.13529255665,14672.13529255665,46.7213529255665
2021-05-27,0.0,187.2879241565677,84.33000183105469,78.41999816894531,14687.118669423608,14687.118669423608,46.87118669423608
2021-05-28,0.0,187.2879241565677,84.33000183105469,80.08000183105469,14998.017309392373,14998.017309392373,49.98017309392373
2021-06-01,0.0,187.2879241565677,84.33000183105469,80.80999755859375,15134.736693846327,15134.736693846327,51.34736693846328
2021-06-02,15170.321856681983,0,0,81.97000122070312,0,15170.321856681983,51.70321856681983
2021-06-03,15170.321856681983,0.0,0,80.27999877929688,0.0,15170.321856681983,51.70321856681983
2021-06-04,15170.321856681983,0.0,0,81.58000183105469,0.0,15170.321856681983,51.70321856681983
2021-06-07,15170.321856681983,0.0,0,81.3499984741211,0.0,15170.321856681983,51.70321856681983
2021-06-08,15170.321856681983,0.0,0,80.88999938964844,0.0,15170.321856681983,51.70321856681983
2021-06-09,15170.321856681983,0.0,0,79.95999908447266,0.0,15170.321856681983,51.70321856681983
2021-06-10,15170.321856681983,0.0,0,81.55999755859375,0.0,15170.321856681983,51.70321856681983
2021-06-11,15170.321856681983,0.0,0,81.30999755859375,0.0,15170.321856681983,51.70321856681983
2021-06-14,15170.321856681983,0.0,0,81.55000305175781,0.0,15170.321856681983,51.70321856681983
2021-06-15,15170.321856681983,0.0,0,80.47000122070312,0.0,15170.321856681983,51.70321856681983
2021-06-16,15170.321856681983,0.0,0,80.11000061035156,0.0,15170.321856681983,51.70321856681983
2021-06-17,15170.321856681983,0.0,0,84.55999755859375,0.0,15170.321856681983,51.70321856681983
2021-06-18,15170.321856681983,0.0,0,84.6500015258789,0.0,15170.321856681983,51.70321856681983
2021-06-21,15170.321856681983,0.0,0,82.58999633789062,0.0,15170.321856681983,51.70321856681983
2021-06-22,15170.321856681983,0.0,0,83.58000183105469,0.0,15170.321856681983,51.70321856681983
2021-06-23,15170.321856681983,0.0,0,83.81999969482422,0.0,15170.321856681983,51.70321856681983
2021-06-24,15170.321856681983,0.0,0,86.0999984741211,0.0,15170.321856681983,51.70321856681983
2021-06-25,15170.321856681983,0.0,0,85.62000274658203,0.0,15170.321856681983,51.70321856681983
2021-06-28,15170.321856681983,0.0,0,87.08000183105469,0.0,15170.321856681983,51.70321856681983
2021-06-29,15170.321856681983,0.0,0,89.5199966430664,0.0,15170.321856681983,51.70321856681983
2021-06-30,15170.321856681983,0.0,0,93.93000030517578,0.0,15170.321856681983,51.70321856681983
2021-07-01,15170.321856681983,0.0,0,93.30999755859375,0.0,15170.321856681983,51.70321856681983
2021-07-02,15170.321856681983,0.0,0,94.69999694824219,0.0,15170.321856681983,51.70321856681983
2021-07-06,15170.321856681983,0.0,0,94.47000122070312,0.0,15170.321856681983,51.70321856681983
2021-07-07,15170.321856681983,0.0,0,90.54000091552734,0.0,15170.321856681983,51.70321856681983
2021-07-08,15170.321856681983,0.0,0,89.73999786376953,0.0,15170.321856681983,51.70321856681983
2021-07-09,15170.321856681983,0.0,0,90.9000015258789,0.0,15170.321856681983,51.70321856681983
2021-07-12,15170.321856681983,0.0,0,90.80999755859375,0.0,15170.321856681983,51.70321856681983
2021-07-13,15170.321856681983,0.0,0,90.26000213623047,0.0,15170.321856681983,51.70321856681983
2021-07-14,15170.321856681983,0.0,0,89.05000305175781,0.0,15170.321856681983,51.70321856681983
2021-07-15,15170.321856681983,0.0,0,86.93000030517578,0.0,15170.321856681983,51.70321856681983
2021-07-16,15170.321856681983,0.0,0,85.88999938964844,0.0,15170.321856681983,51.70321856681983
2021-07-19,15170.321856681983,0.0,0,86.58000183105469,0.0,15170.321856681983,51.70321856681983
2021-07-20,15170.321856681983,0.0,0,87.11000061035156,0.0,15170.321856681983,51.70321856681983
2021-07-21,15170.321856681983,0.0,0,89.41000366210938,0.0,15170.321856681983,51.70321856681983
2021-07-22,15170.321856681983,0.0,0,91.20999908447266,0.0,15170.321856681983,51.70321856681983
2021-07-23,15170.321856681983,0.0,0,92.1500015258789,0.0,15170.321856681983,51.70321856681983
2021-07-26,15170.321856681983,0.0,0,91.81999969482422,0.0,15170.321856681983,51.70321856681983
2021-07-27,15170.321856681983,0.0,0,91.02999877929688,0.0,15170.321856681983,51.70321856681983
2021-07-28,15170.321856681983,0.0,0,97.93000030517578,0.0,15170.321856681983,51.70321856681983
2021-07-29,15170.321856681983,0.0,0,102.94999694824219,0.0,15170.321856681983,51.70321856681983
2021-07-30,15170.321856681983,0.0,0,106.19000244140625,0.0,15170.321856681983,51.70321856681983
2021-08-02,15170.321856681983,0.0,0,108.62999725341797,0.0,15170.321856681983,51.70321856681983
2021-08-03,15170.321856681983,0.0,0,112.55999755859375,0.0,15170.321856681983,51.70321856681983
2021-08-04,15170.321856681983,0.0,0,118.7699966430664,0.0,15170.321856681983,51.70321856681983
2021-08-05,15170.321856681983,0.0,0,112.3499984741211,0.0,15170.321856681983,51.70321856681983
2021-08-06,15170.321856681983,0.0,0,110.11000061035156,0.0,15170.321856681983,51.70321856681983
2021-08-09,15170.321856681983,0.0,0,107.58000183105469,0.0,15170.321856681983,51.70321856681983
2021-08-10,15170.321856681983,0.0,0,106.4800033569336,0.0,15170.321856681983,51.70321856681983
2021-08-11,15170.321856681983,0.0,0,107.68000030517578,0.0,15170.321856681983,51.70321856681983
2021-08-12,15170.321856681983,0.0,0,106.5,0.0,15170.321856681983,51.70321856681983
2021-08-13,15170.321856681983,0.0,0,110.55000305175781,0.0,15170.321856681983,51.70321856681983
2021-08-16,15170.321856681983,0.0,0,107.4800033569336,0.0,15170.321856681983,51.70321856681983
2021-08-17,15170.321856681983,0.0,0,107.55999755859375,0.0,15170.321856681983,51.70321856681983
2021-08-18,15170.321856681983,0.0,0,103.44000244140625,0.0,15170.321856681983,51.70321856681983
2021-08-19,15170.321856681983,0.0,0,103.69999694824219,0.0,15170.321856681983,51.70321856681983
2021-08-20,15170.321856681983,0.0,0,104.6500015258789,0.0,15170.321856681983,51.70321856681983
2021-08-23,15170.321856681983,0.0,0,108.7699966430664,0.0,15170.321856681983,51.70321856681983
2021-08-24,15170.321856681983,0.0,0,107.6500015258789,0.0,15170.321856681983,51.70321856681983
2021-08-25,15170.321856681983,0.0,0,108.30000305175781,0.0,15170.321856681983,51.70321856681983
2021-08-26,15170.321856681983,0.0,0,107.2699966430664,0.0,15170.321856681983,51.70321856681983
2021-08-27,15170.321856681983,0.0,0,111.4000015258789,0.0,15170.321856681983,51.70321856681983
2021-08-30,15170.321856681983,0.0,0,111.31999969482422,0.0,15170.321856681983,51.70321856681983
2021-08-31,15170.321856681983,0.0,0,110.72000122070312,0.0,15170.321856681983,51.70321856681983
2021-09-01,15170.321856681983,0.0,0,109.98999786376953,0.0,15170.321856681983,51.70321856681983
2021-09-02,15170.321856681983,0.0,0,109.19999694824219,0.0,15170.321856681983,51.70321856681983
2021-09-03,15170.321856681983,0.0,0,109.91999816894531,0.0,15170.321856681983,51.70321856681983
2021-09-07,15170.321856681983,0.0,0,109.1500015258789,0.0,15170.321856681983,51.70321856681983
2021-09-08,15170.321856681983,0.0,0,106.16999816894531,0.0,15170.321856681983,51.70321856681983
2021-09-09,15170.321856681983,0.0,0,106.1500015258789,0.0,15170.321856681983,51.70321856681983
2021-09-10,15170.321856681983,0.0,0,105.19999694824219,0.0,15170.321856681983,51.70321856681983
2021-09-13,15170.321856681983,0.0,0,104.80000305175781,0.0,15170.321856681983,51.70321856681983
2021-09-14,15170.321856681983,0.0,0,105.7300033569336,0.0,15170.321856681983,51.70321856681983
2021-09-15,15170.321856681983,0.0,0,105.5999984741211,0.0,15170.321856681983,51.70321856681983
2021-09-16,15170.321856681983,0.0,0,106.22000122070312,0.0,15170.321856681983,51.70321856681983
2021-09-17,15170.321856681983,0.0,0,103.87999725341797,0.0,15170.321856681983,51.70321856681983
2021-09-20,15170.321856681983,0.0,0,101.55000305175781,0.0,15170.321856681983,51.70321856681983
2021-09-21,1.8189894035458565e-12,148.51024601148634,102.1500015258789,102.81999969482422,15269.823449579295,15269.823449579297,52.698234495792974
2021-09-22,15269.823449579297,0,0,104.37999725341797,0,15269.823449579297,52.698234495792974
2021-09-23,15269.823449579297,0.0,0,106.1500015258789,0.0,15269.823449579297,52.698234495792974
2021-09-24,15269.823449579297,0.0,0,105.80000305175781,0.0,15269.823449579297,52.698234495792974
2021-09-27,15269.823449579297,0.0,0,108.16000366210938,0.0,15269.823449579297,52.698234495792974
2021-09-28,15269.823449579297,0.0,0,101.5199966430664,0.0,15269.823449579297,52.698234495792974
2021-09-29,15269.823449579297,0.0,0,100.3499984741211,0.0,15269.823449579297,52.698234495792974
2021-09-30,15269.823449579297,0.0,0,102.9000015258789,0.0,15269.823449579297,52.698234495792974
2021-10-01,15269.823449579297,0.0,0,102.44999694824219,0.0,15269.823449579297,52.698234495792974
2021-10-04,15269.823449579297,0.0,0,100.33999633789062,0.0,15269.823449579297,52.698234495792974
2021-10-05,15269.823449579297,0.0,0,101.80999755859375,0.0,15269.823449579297,52.698234495792974
2021-10-06,15269.823449579297,0.0,0,103.63999938964844,0.0,15269.823449579297,52.698234495792974
2021-10-07,15269.823449579297,0.0,0,106.44999694824219,0.0,15269.823449579297,52.698234495792974
2021-10-08,0.0,143.31133751504274,106.55000305175781,105.05999755859375,15056.288769449195,15056.288769449195,50.56288769449194
2021-10-11,0.0,143.31133751504274,106.5500030517578,104.68000030517578,15001.830854809823,15001.830854809823,50.01830854809823
2021-10-12,0.0,143.31133751504274,106.5500030517578,105.04000091552734,15053.423023785537,15053.423023785537,50.53423023785537
2021-10-13,0.0,143.31133751504274,106.5500030517578,109.16000366210938,15643.866127963858,15643.866127963858,56.43866127963858
2021-10-14,0.0,143.31133751504274,106.5500030517578,111.98999786376953,16049.43638216359,16049.43638216359,60.49436382163591
2021-10-15,0.0,143.31133751504274,106.5500030517578,112.12000274658203,16068.067555802936,16068.067555802936,60.680675558029364
2021-10-18,0.0,143.31133751504274,106.5500030517578,116.43000030517578,16685.739070611577,16685.739070611577,66.85739070611577
2021-10-19,0.0,143.31133751504274,106.5500030517578,116.33000183105469,16671.408155535817,16671.408155535817,66.71408155535818
2021-10-20,0.0,143.31133751504274,106.5500030517578,116.38999938964844,16680.006485905524,16680.006485905524,66.80006485905524
2021-10-21,0.0,143.31133751504274,106.5500030517578,119.33000183105469,17101.342168080948,17101.342168080948,71.01342168080947
2021-10-22,0.0,143.31133751504274,106.5500030517578,119.81999969482422,17171.564417317273,17171.564417317273,71.71564417317273
2021-10-25,0.0,143.31133751504274,106.5500030517578,122.36000061035156,17535.57534581093,17535.57534581093,75.35575345810929
2021-10-26,0.0,143.31133751504274,106.5500030517578,122.93000030517578,17617.262764459352,17617.262764459352,76.17262764459353
2021-10-27,0.0,143.31133751504274,106.5500030517578,122.27999877929688,17524.11017639883,17524.11017639883,75.2411017639883
2021-10-28,0.0,143.31133751504274,106.5500030517578,121.16000366210938,17363.60217814437,17363.60217814437,73.6360217814437
2021-10-29,0.0,143.31133751504274,106.5500030517578,120.2300033569336,17230.32259052023,17230.32259052023,72.30322590520231
2021-11-01,0.0,143.31133751504274,106.5500030517578,125.2300033569336,17946.879278095446,17946.879278095446,79.46879278095447
2021-11-02,0.0,143.31133751504274,106.5500030517578,127.62999725341797,18290.82561342856,18290.82561342856,82.90825613428558
2021-11-03,0.0,143.31133751504274,106.5500030517578,130.52999877929688,18706.42871089793,18706.42871089793,87.0642871089793
2021-11-04,0.0,143.31133751504274,106.5500030517578,137.5,19705.308908318377,19705.308908318377,97.05308908318376
2021-11-05,0.0,143.31133751504274,106.5500030517578,136.33999633789062,19539.067231979134,19539.067231979134,95.39067231979134
2021-11-08,0.0,143.31133751504274,106.5500030517578,150.16000366210938,21519.63096608061,21519.63096608061,115.19630966080612
2021-11-09,0.0,143.31133751504274,106.5500030517578,148.9199981689453,21341.92412032927,21341.92412032927,113.4192412032927
2021-11-10,0.0,143.31133751504274,106.5500030517578,139.8699951171875,20044.95607846664,20044.95607846664,100.44956078466637
2021-11-11,0.0,143.31133751504274,106.5500030517578,146.00999450683594,20924.887603338702,20924.887603338702,109.24887603338702
2021-11-12,0.0,143.31133751504274,106.5500030517578,147.88999938964844,21194.31361762937,21194.31361762937,111.9431361762937
2021-11-15,0.0,143.31133751504274,106.5500030517578,146.49000549316406,20993.6786198113,20993.6786198113,109.936786198113
2021-11-16,0.0,143.31133751504274,106.5500030517578,152.4499969482422,21847.81296681677,21847.81296681677,118.47812966816771
2021-11-17,0.0,143.31133751504274,106.5500030517578,151.33999633789062,21688.737294704777,21688.737294704777,116.88737294704777
2021-11-18,0.0,143.31133751504274,106.5500030517578,155.02000427246094,22216.124153874018,22216.124153874018,122.16124153874017
2021-11-19,0.0,143.31133751504274,106.5500030517578,155.41000366210938,22272.015488034584,22272.015488034584,122.72015488034585
2021-11-22,0.0,143.31133751504274,106.5500030517578,152.52000427246094,21857.845810086408,21857.845810086408,118.5784581008641
2021-11-23,0.0,143.31133751504274,106.5500030517578,149.9199981689453,21485.235457844312,21485.235457844312,114.85235457844311
2021-11-24,0.0,143.31133751504274,106.5500030517578,157.8000030517578,22614.529497225238,22614.529497225238,126.14529497225237
2021-11-26,0.0,143.31133751504274,106.5500030517578,154.80999755859375,22186.027810822572,22186.027810822572,121.86027810822573
2021-11-29,22571.535658619232,0,0,161.91000366210938,0,22571.535658619232,125.71535658619233
2021-11-30,0.0,138.2382155032279,163.27999877929688,158.3699951171875,21892.785514254916,21892.785514254916,118.92785514254915
2021-12-01,22169.261945261373,0,0,149.11000061035156,0,22169.261945261373,121.69261945261371
2021-12-02,22169.261945261373,0.0,0,150.67999267578125,0.0,22169.261945261373,121.69261945261371
2021-12-03,22169.261945261373,0.0,0,144.00999450683594,0.0,22169.261945261373,121.69261945261371
2021-12-06,22169.261945261373,0.0,0,139.05999755859375,0.0,22169.261945261373,121.69261945261371
2021-12-07,22169.261945261373,0.0,0,144.85000610351562,0.0,22169.261945261373,121.69261945261371
2021-12-08,22169.261945261373,0.0,0,145.24000549316406,0.0,22169.261945261373,121.69261945261371
2021-12-09,22169.261945261373,0.0,0,138.10000610351562,0.0,22169.261945261373,121.69261945261371
2021-12-10,22169.261945261373,0.0,0,138.5500030517578,0.0,22169.261945261373,121.69261945261371
2021-12-13,22169.261945261373,0.0,0,133.8000030517578,0.0,22169.261945261373,121.69261945261371
2021-12-14,22169.261945261373,0.0,0,135.60000610351562,0.0,22169.261945261373,121.69261945261371
2021-12-15,22169.261945261373,0.0,0,146.5,0.0,22169.261945261373,121.69261945261371
2021-12-16,22169.261945261373,0.0,0,138.63999938964844,0.0,22169.261945261373,121.69261945261371
2021-12-17,22169.261945261373,0.0,0,137.75,0.0,22169.261945261373,121.69261945261371
2021-12-20,22169.261945261373,0.0,0,135.8000030517578,0.0,22169.261945261373,121.69261945261371
2021-12-21,22169.261945261373,0.0,0,144.25,0.0,22169.261945261373,121.69261945261371
2021-12-22,22169.261945261373,0.0,0,143.8800048828125,0.0,22169.261945261373,121.69261945261371
2021-12-23,22169.261945261373,0.0,0,146.13999938964844,0.0,22169.261945261373,121.69261945261371
2021-12-27,22169.261945261373,0.0,0,154.36000061035156,0.0,22169.261945261373,121.69261945261371
2021-12-28,0.0,142.2200490815213,155.8800048828125,153.14999389648438,21780.999648792695,21780.999648792695,117.80999648792694
2021-12-29,0.0,142.2200490815213,155.8800048828125,148.25999450683594,21085.543695588283,21085.543695588283,110.85543695588282
2021-12-30,0.0,142.2200490815213,155.8800048828125,145.14999389648438,20643.239256140525,20643.239256140525,106.43239256140524
2021-12-31,0.0,142.2200490815213,155.8800048828125,143.89999389648438,20465.464194788623,20465.464194788623,104.65464194788623
2022-01-03,0.0,142.2200490815213,155.8800048828125,150.24000549316406,21367.14095524582,21367.14095524582,113.6714095524582
2022-01-04,0.0,142.2200490815213,155.8800048828125,144.4199981689453,20539.41922794062,20539.41922794062,105.39419227940621
2022-01-05,0.0,142.2200490815213,155.8800048828125,136.14999389648438,19363.258814406832,19363.258814406832,93.63258814406832
2022-01-06,19368.948831629303,0,0,136.22999572753906,0,19368.948831629303,93.68948831629302
2022-01-07,19368.948831629303,0.0,0,132.0,0.0,19368.948831629303,93.68948831629302
2022-01-10,19368.948831629303,0.0,0,132.0,0.0,19368.948831629303,93.68948831629302
2022-01-11,19368.948831629303,0.0,0,137.30999755859375,0.0,19368.948831629303,93.68948831629302
2022-01-12,19368.948831629303,0.0,0,137.47000122070312,0.0,19368.948831629303,93.68948831629302
2022-01-13,19368.948831629303,0.0,0,132.74000549316406,0.0,19368.948831629303,93.68948831629302
2022-01-14,19368.948831629303,0.0,0,136.8800048828125,0.0,19368.948831629303,93.68948831629302
2022-01-18,19368.948831629303,0.0,0,131.92999267578125,0.0,19368.948831629303,93.68948831629302
2022-01-19,19368.948831629303,0.0,0,128.27000427246094,0.0,19368.948831629303,93.68948831629302
2022-01-20,19368.948831629303,0.0,0,121.88999938964844,0.0,19368.948831629303,93.68948831629302
2022-01-21,19368.948831629303,0.0,0,118.80999755859375,0.0,19368.948831629303,93.68948831629302
2022-01-24,19368.948831629303,0.0,0,116.52999877929688,0.0,19368.948831629303,93.68948831629302
2022-01-25,19368.948831629303,0.0,0,111.12999725341797,0.0,19368.948831629303,93.68948831629302
2022-01-26,19368.948831629303,0.0,0,110.70999908447266,0.0,19368.948831629303,93.68948831629302
2022-01-27,19368.948831629303,0.0,0,102.5999984741211,0.0,19368.948831629303,93.68948831629302
2022-01-28,19368.948831629303,0.0,0,105.23999786376953,0.0,19368.948831629303,93.68948831629302
2022-01-31,19368.948831629303,0.0,0,114.25,0.0,19368.948831629303,93.68948831629302
2022-02-01,19368.948831629303,0.0,0,116.77999877929688,0.0,19368.948831629303,93.68948831629302
2022-02-02,19368.948831629303,0.0,0,122.76000213623047,0.0,19368.948831629303,93.68948831629302
2022-02-03,19368.948831629303,0.0,0,120.08000183105469,0.0,19368.948831629303,93.68948831629302
2022-02-04,0.0,160.95188151115752,120.33999633789062,123.5999984741211,19893.65230918599,19893.65230918599,98.93652309185988
2022-02-07,0.0,160.95188151115752,120.33999633789062,123.66999816894531,19904.918891773155,19904.918891773155,99.04918891773156
2022-02-08,0.0,160.95188151115752,120.33999633789062,128.22999572753906,20638.859078515103,20638.859078515103,106.38859078515104
2022-02-09,0.0,160.95188151115752,120.33999633789062,132.85000610351562,21382.458441129602,21382.458441129602,113.82458441129602
2022-02-10,0.0,160.95188151115752,120.33999633789062,125.7699966430664,20242.917597353502,20242.917597353502,102.42917597353502
2022-02-11,0.0,160.95188151115752,120.33999633789062,113.18000030517578,18216.533998551426,18216.533998551426,82.16533998551425
2022-02-14,0.0,160.95188151115752,120.33999633789062,114.2699966430664,18391.97095997519,18391.97095997519,83.91970959975191
2022-02-15,0.0,160.95188151115752,120.33999633789062,121.47000122070312,19550.82524363477,19550.82524363477,95.50825243634769
2022-02-16,0.0,160.95188151115752,120.33999633789062,117.69000244140625,18942.42732799706,18942.42732799706,89.42427327997059
2022-02-17,0.0,160.95188151115752,120.33999633789062,112.37000274658203,18086.163367476318,18086.163367476318,80.86163367476318
2022-02-18,0.0,160.95188151115752,120.33999633789062,113.83000183105469,18321.152967126756,18321.152967126756,83.21152967126756
2022-02-22,0.0,160.95188151115752,120.33999633789062,115.6500015258789,18614.08534235845,18614.08534235845,86.14085342358449
2022-02-23,0.0,160.95188151115752,120.33999633789062,109.76000213623047,17666.078858494962,17666.078858494962,76.66078858494963
2022-02-24,16829.128337857703,0,0,116.61000061035156,0,16829.128337857703,68.29128337857703
2022-02-25,0.0,143.64226537917392,117.16000366210938,121.05999755859375,17389.33229611367,17389.33229611367,73.89332296113669
2022-02-28,0.0,143.64226537917392,117.16000366210938,123.33999633789062,17716.836485833624,17716.836485833624,77.16836485833625
2022-03-01,0.0,143.64226537917392,117.16000366210938,113.83000183105469,16350.799331128212,16350.799331128212,63.50799331128212
2022-03-02,0.0,143.64226537917392,117.16000366210938,118.27999877929688,16990.00697370413,16990.00697370413,69.9000697370413
2022-03-03,0.0,143.64226537917392,117.16000366210938,111.9800033569336,16085.061359357442,16085.061359357442,60.85061359357442
2022-03-04,0.0,143.64226537917392,117.16000366210938,108.41000366210938,15572.258515789932,15572.258515789932,55.72258515789932
2022-03-07,15589.494886257184,0,0,102.94999694824219,0,15589.494886257184,55.89494886257184
2022-03-08,15589.494886257184,0.0,0,105.52999877929688,0.0,15589.494886257184,55.89494886257184
2022-03-09,15589.494886257184,0.0,0,111.05000305175781,0.0,15589.494886257184,55.89494886257184
2022-03-10,15589.494886257184,0.0,0,106.45999908447266,0.0,15589.494886257184,55.89494886257184
2022-03-11,15589.494886257184,0.0,0,104.29000091552734,0.0,15589.494886257184,55.89494886257184
2022-03-14,15589.494886257184,0.0,0,102.25,0.0,15589.494886257184,55.89494886257184
2022-03-15,15589.494886257184,0.0,0,109.33000183105469,0.0,15589.494886257184,55.89494886257184
2022-03-16,15589.494886257184,0.0,0,115.37000274658203,0.0,15589.494886257184,55.89494886257184
2022-03-17,-1.8189894035458565e-12,139.0181467015082,112.13999938964844,111.69000244140625,15526.937144491221,15526.93714449122,55.269371444912196
2022-03-18,-1.8189894035458565e-12,139.0181467015082,112.13999938964844,113.45999908447266,15772.998797478203,15772.998797478202,57.72998797478201
2022-03-21,-1.8189894035458565e-12,139.0181467015082,112.13999938964844,115.91999816894531,16114.983311089,16114.983311088998,61.14983311088997
2022-03-22,-1.8189894035458565e-12,139.0181467015082,112.13999938964844,114.77999877929688,15956.502708699223,15956.502708699221,59.56502708699222
2022-03-23,-1.8189894035458565e-12,139.0181467015082,112.13999938964844,113.91999816894531,15836.947017685983,15836.947017685981,58.369470176859814
2022-03-24,-1.8189894035458565e-12,139.0181467015082,112.13999938964844,120.52999877929688,16755.857052232896,16755.857052232896,67.55857052232895
2022-03-25,-1.8189894035458565e-12,139.0181467015082,112.13999938964844,119.66999816894531,16636.301361219656,16636.301361219652,66.36301361219653
2022-03-28,-1.8189894035458565e-12,139.0181467015082,112.13999938964844,120.23999786376953,16715.541662414544,16715.541662414544,67.15541662414543
2022-03-29,-1.8189894035458565e-12,139.0181467015082,112.13999938964844,123.2300033569336,17131.20668470154,17131.206684701538,71.31206684701537
2022-03-30,-1.8189894035458565e-12,139.0181467015082,112.13999938964844,119.22000122070312,16573.743619453693,16573.743619453693,65.73743619453694
2022-03-31,-1.8189894035458565e-12,139.0181467015082,112.13999938964844,109.33999633789062,15200.243651243247,15200.243651243245,52.002436512432446
2022-04-01,-1.8189894035458565e-12,139.0181467015082,112.13999938964844,108.19000244140625,15040.373631035944,15040.373631035942,50.40373631035941
2022-04-04,-1.8189894035458565e-12,139.0181467015082,112.13999938964844,110.52999877929688,15365.675585217814,15365.675585217812,53.656755852178115
2022-04-05,15248.900851088203,0,0,106.81999969482422,0,15248.900851088203,52.48900851088203
2022-04-06,15248.900851088203,0.0,0,103.66999816894531,0.0,15248.900851088203,52.48900851088203
2022-04-07,15248.900851088203,0.0,0,103.72000122070312,0.0,15248.900851088203,52.48900851088203
2022-04-08,15248.900851088203,0.0,0,101.0,0.0,15248.900851088203,52.48900851088203
2022-04-11,15248.900851088203,0.0,0,97.37000274658203,0.0,15248.900851088203,52.48900851088203
2022-04-12,15248.900851088203,0.0,0,95.0999984741211,0.0,15248.900851088203,52.48900851088203
2022-04-13,15248.900851088203,0.0,0,97.73999786376953,0.0,15248.900851088203,52.48900851088203
2022-04-14,15248.900851088203,0.0,0,93.05999755859375,0.0,15248.900851088203,52.48900851088203
2022-04-18,15248.900851088203,0.0,0,93.88999938964844,0.0,15248.900851088203,52.48900851088203
2022-04-19,15248.900851088203,0.0,0,96.93000030517578,0.0,15248.900851088203,52.48900851088203
2022-04-20,15248.900851088203,0.0,0,94.0199966430664,0.0,15248.900851088203,52.48900851088203
2022-04-21,15248.900851088203,0.0,0,89.8499984741211,0.0,15248.900851088203,52.48900851088203
2022-04-22,15248.900851088203,0.0,0,88.13999938964844,0.0,15248.900851088203,52.48900851088203
2022-04-25,15248.900851088203,0.0,0,90.69000244140625,0.0,15248.900851088203,52.48900851088203
2022-04-26,15248.900851088203,0.0,0,85.16000366210938,0.0,15248.900851088203,52.48900851088203
2022-04-27,15248.900851088203,0.0,0,84.91000366210938,0.0,15248.900851088203,52.48900851088203
2022-04-28,15248.900851088203,0.0,0,89.63999938964844,0.0,15248.900851088203,52.48900851088203
2022-04-29,15248.900851088203,0.0,0,85.5199966430664,0.0,15248.900851088203,52.48900851088203
2022-05-02,15248.900851088203,0.0,0,89.83999633789062,0.0,15248.900851088203,52.48900851088203
2022-05-03,15248.900851088203,0.0,0,91.12999725341797,0.0,15248.900851088203,52.48900851088203
2022-05-04,0.0,155.31575477377874,98.18000030517578,99.41999816894531,15441.49205521744,15441.49205521744,54.41492055217441
2022-05-05,0.0,155.31575477377874,98.18000030517578,93.87000274658203,14579.490327202071,14579.490327202071,45.79490327202071
2022-05-06,0.0,155.31575477377874,98.18000030517578,95.33999633789062,14807.803491348783,14807.803491348783,48.078034913487826
2022-05-09,0.0,155.31575477377874,98.18000030517578,86.36000061035156,13413.068677060744,13413.068677060744,34.13068677060744
2022-05-10,0.0,155.31575477377874,98.18000030517578,88.7300033569336,13781.167442462061,13781.167442462061,37.81167442462062
2022-05-11,0.0,155.31575477377874,98.18000030517578,87.91999816894531,13655.360875318986,13655.360875318986,36.553608753189856
2022-05-12,0.0,155.31575477377874,98.18000030517578,87.05999755859375,13521.789231416322,13521.789231416322,35.217892314163215
2022-05-13,0.0,155.31575477377874,98.18000030517578,95.12000274658203,14773.635020669295,14773.635020669295,47.736350206692954
2022-05-16,0.0,155.31575477377874,98.18000030517578,94.23999786376953,14636.95639809066,14636.95639809066,46.369563980906605
2022-05-17,0.0,155.31575477377874,98.18000030517578,102.47000122070312,15915.205581263534,15915.205581263534,59.15205581263534
2022-05-18,0.0,155.31575477377874,98.18000030517578,96.27999877929688,14953.80068002499,14953.80068002499,49.538006800249896
2022-05-19,0.0,155.31575477377874,98.18000030517578,96.66999816894531,15014.37372958955,15014.37372958955,50.1437372958955
2022-05-20,0.0,155.31575477377874,98.18000030517578,93.5,14522.023071348312,14522.023071348312,45.220230713483126
2022-05-23,0.0,155.31575477377874,98.18000030517578,95.06999969482422,14765.868758944538,14765.868758944538,47.65868758944538
2022-05-24,0.0,155.31575477377874,98.18000030517578,91.16000366210938,14158.58477396095,14158.58477396095,41.585847739609505
2022-05-25,0.0,155.31575477377874,98.18000030517578,92.6500015258789,14390.004916783633,14390.004916783633,43.90004916783633
2022-05-26,0.0,155.31575477377874,98.18000030517578,98.75,15337.43078391065,15337.43078391065,53.37430783910649
2022-05-27,0.0,155.31575477377874,98.18000030517578,102.26000213623047,15882.589414956861,15882.589414956861,58.82589414956861
2022-05-31,0.0,155.31575477377874,98.18000030517578,101.86000061035156,15820.462876054316,15820.462876054316,58.204628760543166
2022-06-01,0.0,155.31575477377874,98.18000030517578,101.22000122070312,15721.060887796311,15721.060887796311,57.21060887796311
2022-06-02,0.0,155.31575477377874,98.18000030517578,108.58999633789062,16865.73724210135,16865.73724210135,68.65737242101349
2022-06-03,0.0,155.31575477377874,98.18000030517578,106.30000305175781,16510.065206438747,16510.065206438747,65.10065206438746
2022-06-06,0.0,155.31575477377874,98.18000030517578,105.6500015258789,16409.10972884276,16409.10972884276,64.09109728842759
2022-06-07,0.0,155.31575477377874,98.18000030517578,105.27999877929688,16351.642472988999,16351.642472988999,63.516424729889984
2022-06-08,0.0,155.31575477377874,98.18000030517578,101.9000015258789,15826.675648441087,15826.675648441087,58.26675648441088
2022-06-09,0.0,155.31575477377874,98.18000030517578,98.80000305175781,15345.197045635407,15345.197045635407,53.45197045635407
2022-06-10,0.0,155.31575477377874,98.18000030517578,94.81999969482422,14727.039820251093,14727.039820251093,47.27039820251093
2022-06-13,14174.116112445296,0,0,86.98999786376953,0,14174.116112445296,41.74116112445296
2022-06-14,14174.116112445296,0.0,0,86.98999786376953,0.0,14174.116112445296,41.74116112445296
2022-06-15,14174.116112445296,0.0,0,89.30000305175781,0.0,14174.116112445296,41.74116112445296
2022-06-16,14174.116112445296,0.0,0,82.05000305175781,0.0,14174.116112445296,41.74116112445296
2022-06-17,14174.116112445296,0.0,0,81.56999969482422,0.0,14174.116112445296,41.74116112445296
2022-06-21,14174.116112445296,0.0,0,83.79000091552734,0.0,14174.116112445296,41.74116112445296
2022-06-22,14174.116112445296,0.0,0,83.75,0.0,14174.116112445296,41.74116112445296
2022-06-23,14174.116112445296,0.0,0,82.43000030517578,0.0,14174.116112445296,41.74116112445296
2022-06-24,14174.116112445296,0.0,0,87.08000183105469,0.0,14174.116112445296,41.74116112445296
2022-06-27,14174.116112445296,0.0,0,86.16000366210938,0.0,14174.116112445296,41.74116112445296
2022-06-28,14174.116112445296,0.0,0,80.77999877929688,0.0,14174.116112445296,41.74116112445296
2022-06-29,14174.116112445296,0.0,0,77.98999786376953,0.0,14174.116112445296,41.74116112445296
2022-06-30,14174.116112445296,0.0,0,76.47000122070312,0.0,14174.116112445296,41.74116112445296
2022-07-01,14174.116112445296,0.0,0,73.66999816894531,0.0,14174.116112445296,41.74116112445296
2022-07-05,14174.116112445296,0.0,0,75.19999694824219,0.0,14174.116112445296,41.74116112445296
2022-07-06,14174.116112445296,0.0,0,75.3499984741211,0.0,14174.116112445296,41.74116112445296
2022-07-07,14174.116112445296,0.0,0,79.30000305175781,0.0,14174.116112445296,41.74116112445296
2022-07-08,14174.116112445296,0.0,0,79.3499984741211,0.0,14174.116112445296,41.74116112445296
2022-07-11,14174.116112445296,0.0,0,76.94999694824219,0.0,14174.116112445296,41.74116112445296
2022-07-12,14174.116112445296,0.0,0,76.36000061035156,0.0,14174.116112445296,41.74116112445296
2022-07-13,14174.116112445296,0.0,0,77.5199966430664,0.0,14174.116112445296,41.74116112445296
2022-07-14,0.0,181.1851655914448,78.2300033569336,78.5999984741211,14241.153739020938,14241.153739020938,42.41153739020938
2022-07-15,0.0,181.1851655914448,78.2300033569336,81.11000061035156,14695.928891708736,14695.928891708736,46.95928891708736
2022-07-18,0.0,181.1851655914448,78.2300033569336,81.43000030517578,14753.908089404673,14753.908089404673,47.539080894046734
2022-07-19,0.0,181.1851655914448,78.2300033569336,85.87999725341797,15560.181523353358,15560.181523353358,55.60181523353358
2022-07-20,0.0,181.1851655914448,78.2300033569336,89.43000030517578,16203.389414136233,16203.389414136233,62.033894141362325
2022-07-21,0.0,181.1851655914448,78.2300033569336,91.08999633789062,16504.156070204812,16504.156070204812,65.04156070204812
2022-07-22,0.0,181.1851655914448,78.2300033569336,88.0999984741211,15962.412812139662,15962.412812139662,59.62412812139662
2022-07-25,0.0,181.1851655914448,78.2300033569336,87.54000091552734,15860.94956175505,15860.94956175505,58.609495617550486
2022-07-26,0.0,181.1851655914448,78.2300033569336,85.25,15446.035366670669,15446.035366670669,54.46035366670669
2022-07-27,0.0,181.1851655914448,78.2300033569336,89.81999969482422,16274.051518130247,16274.051518130247,62.74051518130247
2022-07-28,0.0,181.1851655914448,78.2300033569336,91.66999816894531,16609.243798007796,16609.243798007796,66.09243798007796
2022-07-29,0.0,181.1851655914448,78.2300033569336,94.47000122070312,17116.562814597088,17116.562814597088,71.16562814597087
2022-08-01,0.0,181.1851655914448,78.2300033569336,96.77999877929688,17535.100104766727,17535.100104766727,75.35100104766727
2022-08-02,0.0,181.1851655914448,78.2300033569336,99.29000091552734,17989.875257454525,17989.875257454525,79.89875257454526
2022-08-03,0.0,181.1851655914448,78.2300033569336,98.08999633789062,17772.452229344926,17772.452229344926,77.72452229344925
2022-08-04,0.0,181.1851655914448,78.2300033569336,103.91000366210938,18826.95122012692,18826.95122012692,88.26951220126921
2022-08-05,0.0,181.1851655914448,78.2300033569336,102.30999755859375,18537.05384931412,18537.05384931412,85.37053849314121
2022-08-08,0.0,181.1851655914448,78.2300033569336,100.06999969482422,18131.199465442554,18131.199465442554,81.31199465442555
2022-08-09,0.0,181.1851655914448,78.2300033569336,95.54000091552734,17310.430886486607,17310.430886486607,73.10430886486607
2022-08-10,0.0,181.1851655914448,78.2300033569336,99.05000305175781,17946.391204765852,17946.391204765852,79.46391204765852
2022-08-11,0.0,181.1851655914448,78.2300033569336,98.12000274658203,17777.88894547248,17777.88894547248,77.7788894547248
2022-08-12,0.0,181.1851655914448,78.2300033569336,100.83000183105469,18268.900578345325,18268.900578345325,82.68900578345325
2022-08-15,0.0,181.1851655914448,78.2300033569336,101.01000213623047,18301.513963445108,18301.513963445108,83.01513963445109
2022-08-16,0.0,181.1851655914448,78.2300033569336,100.19999694824219,18154.753039329524,18154.753039329524,81.54753039329525
2022-08-17,0.0,181.1851655914448,78.2300033569336,98.2699966430664,17805.06561444471,17805.06561444471,78.05065614444709
2022-08-18,17709.037697854543,0,0,100.44000244140625,0,17709.037697854543,77.09037697854542
2022-08-19,17709.037697854543,0.0,0,95.94999694824219,0.0,17709.037697854543,77.09037697854542
2022-08-22,17709.037697854543,0.0,0,92.83999633789062,0.0,17709.037697854543,77.09037697854542
2022-08-23,17709.037697854543,0.0,0,92.48999786376953,0.0,17709.037697854543,77.09037697854542
2022-08-24,17709.037697854543,0.0,0,92.7300033569336,0.0,17709.037697854543,77.09037697854542
2022-08-25,17709.037697854543,0.0,0,97.18000030517578,0.0,17709.037697854543,77.09037697854542
2022-08-26,17709.037697854543,0.0,0,91.18000030517578,0.0,17709.037697854543,77.09037697854542
2022-08-29,17709.037697854543,0.0,0,88.48999786376953,0.0,17709.037697854543,77.09037697854542
2022-08-30,17709.037697854543,0.0,0,86.94000244140625,0.0,17709.037697854543,77.09037697854542
2022-08-31,17709.037697854543,0.0,0,84.87000274658203,0.0,17709.037697854543,77.09037697854542
2022-09-01,17709.037697854543,0.0,0,82.33000183105469,0.0,17709.037697854543,77.09037697854542
2022-09-02,17709.037697854543,0.0,0,80.23999786376953,0.0,17709.037697854543,77.09037697854542
2022-09-06,17709.037697854543,0.0,0,78.72000122070312,0.0,17709.037697854543,77.09037697854542
2022-09-07,17709.037697854543,0.0,0,79.61000061035156,0.0,17709.037697854543,77.09037697854542
2022-09-08,17709.037697854543,0.0,0,82.77999877929688,0.0,17709.037697854543,77.09037697854542
2022-09-09,17709.037697854543,0.0,0,85.44999694824219,0.0,17709.037697854543,77.09037697854542
2022-09-12,17709.037697854543,0.0,0,84.63999938964844,0.0,17709.037697854543,77.09037697854542
2022-09-13,17709.037697854543,0.0,0,77.02999877929688,0.0,17709.037697854543,77.09037697854542
2022-09-14,17709.037697854543,0.0,0,77.44999694824219,0.0,17709.037697854543,77.09037697854542
2022-09-15,17709.037697854543,0.0,0,76.66000366210938,0.0,17709.037697854543,77.09037697854542
2022-09-16,17709.037697854543,0.0,0,76.51000213623047,0.0,17709.037697854543,77.09037697854542
2022-09-19,17709.037697854543,0.0,0,76.7699966430664,0.0,17709.037697854543,77.09037697854542
2022-09-20,17709.037697854543,0.0,0,75.25,0.0,17709.037697854543,77.09037697854542
2022-09-21,17709.037697854543,0.0,0,74.4800033569336,0.0,17709.037697854543,77.09037697854542
2022-09-22,17709.037697854543,0.0,0,69.5,0.0,17709.037697854543,77.09037697854542
2022-09-23,17709.037697854543,0.0,0,67.95999908447266,0.0,17709.037697854543,77.09037697854542
2022-09-26,17709.037697854543,0.0,0,66.30000305175781,0.0,17709.037697854543,77.09037697854542
2022-09-27,17709.037697854543,0.0,0,67.16999816894531,0.0,17709.037697854543,77.09037697854542
2022-09-28,17709.037697854543,0.0,0,68.36000061035156,0.0,17709.037697854543,77.09037697854542
2022-09-29,17709.037697854543,0.0,0,64.13999938964844,0.0,17709.037697854543,77.09037697854542
2022-09-30,17709.037697854543,0.0,0,63.36000061035156,0.0,17709.037697854543,77.09037697854542
2022-10-03,17709.037697854543,0.0,0,66.11000061035156,0.0,17709.037697854543,77.09037697854542
2022-10-04,17709.037697854543,0.0,0,67.9000015258789,0.0,17709.037697854543,77.09037697854542
2022-10-05,17709.037697854543,0.0,0,67.94000244140625,0.0,17709.037697854543,77.09037697854542
2022-10-06,0.0,261.118221432343,67.81999969482422,67.8499984741211,17716.870925749685,17716.870925749685,77.16870925749684
2022-10-07,0.0,261.118221432343,67.81999969482422,58.439998626708984,15259.748501914815,15259.748501914815,52.59748501914815
2022-10-26,15586.146278705244,0,0,59.72999954223633,0,15586.146278705244,55.86146278705244
